{
    "loss": 0.08720012332998642,
    "accuracy": 97.2300281011642
}